순위,영화명,개봉일,매출액,관객수,스크린수,국적,배급사
1.0,명량,2014-07-30,135748398910.0,17613682.0,1587.0,한국,(주)씨제이이엔엠
2.0,극한직업,2019-01-23,139647979516.0,16264944.0,1978.0,한국,(주)씨제이이엔엠
3.0,신과함께-죄와 벌,2017-12-20,115698654137.0,14410754.0,1912.0,한국,롯데쇼핑㈜롯데엔터테인먼트
4.0,국제시장,2014-12-17,110913469630.0,14257115.0,966.0,한국,(주)씨제이이엔엠
5.0,어벤져스: 엔드게임,2019-04-24,122182694160.0,13934592.0,2835.0,미국,월트디즈니컴퍼니코리아 유한책임회사
6.0,겨울왕국 2,2019-11-21,114810421450.0,13747792.0,2648.0,미국,월트디즈니컴퍼니코리아 유한책임회사
7.0,아바타,2009-12-17,128447097523.0,13624328.0,912.0,미국,"주식회사 해리슨앤컴퍼니,이십세기폭스코리아(주)"
8.0,베테랑,2015-08-05,105168155250.0,13414009.0,1064.0,한국,(주)씨제이이엔엠
9.0,괴물,2006-07-27,0.0,13019740.0,167.0,한국,(주)쇼박스
10.0,도둑들,2012-07-25,93665568500.0,12983330.0,1072.0,"한국,홍콩",(주)쇼박스
11.0,7번방의 선물,2013-01-23,91431914670.0,12811206.0,787.0,한국,(주)넥스트엔터테인먼트월드(NEW)
12.0,암살,2015-07-22,98463132781.0,12705700.0,1519.0,한국,(주)쇼박스
13.0,알라딘,2019-05-23,106983620359.0,12555894.0,1311.0,미국,월트디즈니컴퍼니코리아 유한책임회사
14.0,"광해, 왕이 된 남자",2012-09-13,88900208769.0,12319542.0,810.0,한국,(주)씨제이이엔엠
15.0,왕의 남자,2005-12-29,0.0,12302831.0,94.0,한국,(주)시네마서비스
16.0,신과함께-인과 연,2018-08-01,102666146909.0,12274996.0,2235.0,한국,롯데컬처웍스(주)롯데엔터테인먼트
17.0,택시운전사,2017-08-02,95855737149.0,12186684.0,1906.0,한국,(주)쇼박스
18.0,태극기 휘날리며,2004-02-05,0.0,11746135.0,110.0,한국,"(주)다자인소프트,(주)쇼박스"
19.0,부산행,2016-07-20,93178283048.0,11565479.0,1788.0,한국,(주)넥스트엔터테인먼트월드(NEW)
20.0,해운대,2009-07-22,81934638201.0,11453338.0,753.0,한국,CJ ENM
21.0,변호인,2013-12-18,82871759300.0,11374610.0,923.0,한국,(주)넥스트엔터테인먼트월드(NEW)
22.0,어벤져스: 인피니티 워,2018-04-25,99919006769.0,11211880.0,2553.0,미국,월트디즈니컴퍼니코리아 유한책임회사
23.0,실미도,2003-12-24,0.0,11081000.0,83.0,한국,(주)시네마서비스
24.0,어벤져스: 에이지 오브 울트론,2015-04-23,88582586366.0,10494499.0,1843.0,미국,"월트디즈니컴퍼니코리아 유한책임회사,월트디즈니컴퍼니코리아(주)"
25.0,기생충,2019-05-30,87459829095.0,10313086.0,1948.0,한국,(주)씨제이이엔엠
26.0,겨울왕국,2014-01-16,82461504400.0,10296101.0,1010.0,미국,소니픽쳐스릴리징월트디즈니스튜디오스코리아(주)
27.0,인터스텔라,2014-11-06,82291089200.0,10275484.0,1342.0,"미국,영국",워너브러더스 코리아(주)
28.0,보헤미안 랩소디,2018-10-31,86280975785.0,9948386.0,936.0,미국,"월트디즈니컴퍼니코리아 유한책임회사,이십세기폭스코리아(주)"
29.0,검사외전,2016-02-03,77319445264.0,9707158.0,1812.0,한국,(주)쇼박스
30.0,엑시트,2019-07-31,79232212162.0,9426051.0,1660.0,한국,(주)씨제이이엔엠
31.0,설국열차,2013-08-01,67010077500.0,9349991.0,1128.0,"한국,체코",(주)씨제이이엔엠
32.0,관상,2013-09-11,66005451500.0,9134586.0,1190.0,한국,(주)쇼박스
33.0,아이언맨 3,2013-04-25,70806191000.0,9001309.0,1381.0,미국,소니픽쳐스릴리징월트디즈니스튜디오스코리아(주)
34.0,캡틴 아메리카: 시빌 워,2016-04-27,72672111827.0,8677249.0,1991.0,미국,월트디즈니컴퍼니코리아(주)
35.0,해적: 바다로 간 산적,2014-08-06,66370682706.0,8666046.0,838.0,한국,롯데쇼핑㈜롯데엔터테인먼트
36.0,수상한 그녀,2014-01-22,62696639249.0,8656397.0,692.0,한국,(주)씨제이이엔엠
37.0,국가대표,2009-07-29,60896633308.0,8487894.0,580.0,한국,(주)쇼박스
38.0,디워,2007-08-01,0.0,8426973.0,148.0,한국,(주)쇼박스
39.0,백두산,2019-12-19,69825366300.0,8252669.0,1971.0,한국,"(주)씨제이이엔엠,(주)덱스터스튜디오"
40.0,과속스캔들,2008-12-03,53940101534.0,8245523.0,405.0,한국,롯데쇼핑㈜롯데엔터테인먼트
41.0,스파이더맨: 파 프롬 홈,2019-07-02,69009271100.0,8021064.0,2142.0,미국,소니픽쳐스엔터테인먼트코리아주식회사극장배급지점
42.0,웰컴 투 동막골,2005-08-04,0.0,8008622.0,114.0,한국,(주)쇼박스
43.0,공조,2017-01-18,63781731326.0,7817446.0,976.0,한국,(주)씨제이이엔엠
44.0,트랜스포머 3,2011-06-29,74841350500.0,7784807.0,1409.0,미국,(주)씨제이이엔엠
45.0,히말라야,2015-12-16,60173583015.0,7759473.0,1009.0,한국,(주)씨제이이엔엠
46.0,미션임파서블:고스트프로토콜,2011-12-15,57795846000.0,7575899.0,1038.0,미국,(주)씨제이이엔엠
47.0,트랜스포머: 패자의 역습,2009-06-24,51478531663.0,7505700.0,1129.0,미국,CJ ENM
48.0,밀정,2016-09-07,61269783831.0,7500420.0,1444.0,"한국,미국",워너브러더스 코리아(주)
49.0,최종병기 활,2011-08-10,55827861500.0,7470633.0,615.0,한국,롯데쇼핑㈜롯데엔터테인먼트
50.0,트랜스포머,2007-06-28,0.0,7440531.0,160.0,미국,CJ ENM
51.0,써니,2011-05-04,54034235100.0,7362467.0,472.0,한국,(주)씨제이이엔엠
52.0,화려한 휴가,2007-07-25,0.0,7307993.0,116.0,한국,CJ ENM
53.0,스파이더맨: 홈 커밍,2017-07-05,59125813820.0,7258678.0,1965.0,미국,소니픽쳐스엔터테인먼트코리아주식회사극장배급지점
54.0,1987,2017-12-27,58165581145.0,7231638.0,1299.0,한국,(주)씨제이이엔엠
55.0,베를린,2013-01-30,52354931637.0,7166199.0,894.0,"한국,독일",(주)씨제이이엔엠
56.0,마스터,2016-12-21,58067927865.0,7150541.0,1501.0,한국,(주)씨제이이엔엠
57.0,터널,2016-08-10,57529484417.0,7120508.0,1105.0,한국,(주)쇼박스
58.0,어벤져스,2012-04-26,59557853478.0,7074867.0,967.0,미국,"월트디즈니컴퍼니코리아 유한책임회사,한국소니픽쳐스릴리징브에나비스타영화㈜"
59.0,내부자들,2015-11-19,56598130057.0,7072021.0,1075.0,한국,(주)쇼박스
60.0,인천상륙작전,2016-07-27,55101410303.0,7049643.0,1049.0,한국,(주)씨제이이엔엠
61.0,럭키,2016-10-13,56444461256.0,6975290.0,1158.0,한국,(주)쇼박스
62.0,은밀하게 위대하게,2013-06-05,48700887413.0,6959083.0,1341.0,한국,(주)쇼박스
63.0,곡성,2016-05-12,55863520382.0,6879908.0,1485.0,"한국,미국",이십세기폭스코리아(주)
64.0,범죄도시,2017-10-03,56318014149.0,6879841.0,1315.0,한국,"메가박스중앙(주)플러스엠,(주)키위미디어그룹"
65.0,타짜,2006-09-28,0.0,6847777.0,147.0,한국,CJ ENM
66.0,"좋은 놈, 나쁜 놈, 이상한 놈",2008-07-17,43768628939.0,6686912.0,825.0,한국,CJ ENM
67.0,늑대소년,2012-10-31,46593107500.0,6654837.0,706.0,한국,(주)씨제이이엔엠
68.0,미녀는 괴로워,2006-12-14,0.0,6619498.0,93.0,한국,(주)쇼박스
69.0,군함도,2017-07-26,50510565168.0,6592151.0,2027.0,한국,(주)씨제이이엔엠
70.0,미션 임파서블: 폴아웃,2018-07-25,55888375112.0,6584915.0,1957.0,미국,롯데컬처웍스(주)롯데엔터테인먼트
71.0,다크 나이트 라이즈,2012-07-19,47644838000.0,6396528.0,1210.0,"미국,영국",워너브러더스 코리아(주)
72.0,아저씨,2010-08-04,47870792359.0,6282774.0,478.0,한국,CJ ENM
73.0,사도,2015-09-16,48842902501.0,6246849.0,1210.0,한국,(주)쇼박스
74.0,전우치,2009-12-23,44605437017.0,6136928.0,606.0,한국,CJ ENM
75.0,킹스맨 : 시크릿 에이전트,2015-02-11,50369009795.0,6129681.0,706.0,"미국,영국",이십세기폭스코리아(주)
76.0,미션 임파서블: 로그네이션,2015-07-30,48547353607.0,6126488.0,1202.0,미국,롯데쇼핑㈜롯데엔터테인먼트
77.0,투사부일체,2006-01-19,0.0,6105431.0,93.0,한국,CJ ENM
78.0,연평해전,2015-06-24,45563228330.0,6043784.0,1013.0,한국,(주)넥스트엔터테인먼트월드(NEW)
79.0,반지의 제왕 : 왕의 귀환,2003-12-17,0.0,5960000.0,105.0,미국,"워너브러더스 코리아(주),CJ ENM"
80.0,인셉션,2010-07-21,44106546302.0,5926948.0,528.0,미국,"(주)디스테이션,워너브러더스 코리아(주)"
81.0,레미제라블,2012-12-19,43044999000.0,5911890.0,696.0,미국,유니버설픽쳐스인터내셔널 코리아(유)
82.0,쉬리,1999-02-13,0.0,5820000.0,0.0,한국,
83.0,캡틴 마블,2019-03-06,51491272223.0,5801069.0,2100.0,미국,월트디즈니컴퍼니코리아 유한책임회사
84.0,미션 임파서블 3,2006-05-03,0.0,5740789.0,134.0,미국,UIP코리아
85.0,쥬라기 월드: 폴른 킹덤,2018-06-06,49770711037.0,5661128.0,1972.0,미국,유니버설픽쳐스인터내셔널 코리아(유)
86.0,청년경찰,2017-08-09,44381150516.0,5653270.0,1102.0,한국,롯데쇼핑㈜롯데엔터테인먼트
87.0,가문의 위기(가문의 영광2),2005-09-07,0.0,5635266.0,101.0,한국,(주)쇼박스
88.0,숨바꼭질,2013-08-14,39602987500.0,5604104.0,779.0,한국,(주)넥스트엔터테인먼트월드(NEW)
89.0,덕혜옹주,2016-08-03,44393828109.0,5599229.0,964.0,한국,롯데쇼핑㈜롯데엔터테인먼트
90.0,더 테러 라이브,2013-07-31,39866712881.0,5583596.0,743.0,한국,롯데쇼핑㈜롯데엔터테인먼트
91.0,쥬라기 월드,2015-06-11,47800698826.0,5546792.0,1290.0,미국,유니버설픽쳐스인터내셔널 코리아(유)
92.0,감시자들,2013-07-03,39380162179.0,5508017.0,949.0,한국,(주)넥스트엔터테인먼트월드(NEW)
93.0,의형제,2010-02-04,40800867602.0,5507106.0,572.0,한국,(주)쇼박스
94.0,2012,2009-11-12,39415166660.0,5462953.0,789.0,미국,한국소니픽쳐스릴리징브에나비스타영화㈜
95.0,앤트맨과 와스프,2018-07-04,47465443185.0,5447826.0,1775.0,미국,월트디즈니컴퍼니코리아 유한책임회사
96.0,닥터 스트레인지,2016-10-26,47482530396.0,5446379.0,1503.0,미국,월트디즈니컴퍼니코리아(주)
97.0,검은 사제들,2015-11-05,42407832092.0,5442553.0,1088.0,한국,(주)씨제이이엔엠
98.0,안시성,2018-09-19,46335334026.0,5440186.0,1540.0,한국,(주)넥스트엔터테인먼트월드(NEW)
99.0,블랙 팬서,2018-02-14,45883143457.0,5398994.0,1620.0,미국,월트디즈니컴퍼니코리아 유한책임회사
100.0,더 킹,2017-01-18,43486078535.0,5316325.0,1310.0,한국,(주)넥스트엔터테인먼트월드(NEW)
101.0,완득이,2011-10-20,38530503500.0,5310510.0,500.0,한국,(주)씨제이이엔엠
102.0,트랜스포머: 사라진 시대,2014-06-25,44012272845.0,5295801.0,1602.0,미국,(주)씨제이이엔엠
103.0,완벽한 타인,2018-10-31,44356752474.0,5294119.0,1313.0,한국,롯데컬처웍스(주)롯데엔터테인먼트
104.0,살인의 추억,2003-04-25,,5255376.0,54.0,한국,CJ ENM
105.0,조커,2019-10-02,45443092130.0,5255308.0,1418.0,미국,워너브러더스 코리아(주)
106.0,월드 워 Z,2013-06-20,38555357000.0,5237525.0,964.0,미국,롯데쇼핑㈜롯데엔터테인먼트
107.0,반지의 제왕 : 두개의 탑,2002-12-19,0.0,5183000.0,79.0,미국,"워너브러더스 코리아(주),(주)시네마서비스"
108.0,타워,2012-12-25,37654858000.0,5181014.0,617.0,한국,(주)씨제이이엔엠
109.0,말아톤,2005-01-27,0.0,5148022.0,73.0,한국,(주)쇼박스
110.0,미녀와 야수,2017-03-16,42132589579.0,5138193.0,1627.0,미국,월트디즈니컴퍼니코리아 유한책임회사
111.0,추격자,2008-02-14,33943278500.0,5071619.0,435.0,한국,(주)쇼박스
112.0,독전,2018-05-22,43484892913.0,5063620.0,1357.0,한국,(주)넥스트엔터테인먼트월드(NEW)
113.0,쿵푸팬더 2,2011-05-26,44298724500.0,5062722.0,948.0,미국,(주)씨제이이엔엠
114.0,아쿠아맨,2018-12-19,44113456704.0,5038134.0,1285.0,"미국,호주",워너브러더스 코리아(주)
115.0,공작,2018-08-08,42788691176.0,4974512.0,1317.0,한국,(주)씨제이이엔엠
116.0,인사이드 아웃,2015-07-09,38024694936.0,4969735.0,777.0,미국,월트디즈니컴퍼니코리아(주)
117.0,캐리비안의 해적: 세상의 끝에서,2007-05-23,0.0,4966571.0,244.0,미국,한국소니픽쳐스릴리징브에나비스타영화㈜
118.0,킹스맨: 골든 서클,2017-09-27,40987484736.0,4945484.0,1687.0,"미국,영국",이십세기폭스코리아(주)
119.0,동갑내기 과외하기,2003-02-07,,4937573.0,54.0,한국,CJ ENM
120.0,스파이더맨 3,2007-05-01,0.0,4935660.0,198.0,미국,한국소니픽쳐스릴리징브에나비스타영화㈜
121.0,바람과 함께 사라지다,2012-08-08,34614661161.0,4909937.0,694.0,한국,(주)넥스트엔터테인먼트월드(NEW)
122.0,마션,2015-10-08,39663145295.0,4880800.0,1132.0,미국,"월트디즈니컴퍼니코리아 유한책임회사,이십세기폭스코리아(주)"
123.0,토르: 라그나로크,2017-10-25,39248432595.0,4857152.0,1640.0,미국,월트디즈니컴퍼니코리아 유한책임회사
124.0,어메이징 스파이더맨,2012-06-28,41163951235.0,4853123.0,1118.0,미국,한국소니픽쳐스릴리징브에나비스타영화㈜
125.0,"님아, 그 강을 건너지 마오",2014-11-27,37355277679.0,4801527.0,206.0,한국,"CGV아트하우스,(주)대명문화공장"
126.0,봉오동 전투,2019-08-07,40588648538.0,4787538.0,1476.0,한국,(주)쇼박스
127.0,조선명탐정 : 각시투구꽃의 비밀,2011-01-27,35841769500.0,4786259.0,611.0,한국,(주)쇼박스
128.0,군도: 민란의 시대,2014-07-23,36987755999.0,4774895.0,1394.0,한국,(주)쇼박스
129.0,남산의 부장들,2020-01-22,41223596650.0,4750104.0,1659.0,한국,(주)쇼박스
130.0,라이온 킹,2019-07-17,41518977430.0,4743184.0,1936.0,미국,월트디즈니컴퍼니코리아 유한책임회사
131.0,범죄와의 전쟁: 나쁜놈들 전성시대,2012-02-02,36538823500.0,4719872.0,699.0,한국,(주)쇼박스
132.0,주토피아,2016-02-17,37077444042.0,4703245.0,661.0,미국,월트디즈니컴퍼니코리아(주)
133.0,엣지 오브 투모로우,2014-06-04,38731398201.0,4699208.0,801.0,미국,워너브러더스 코리아(주)
134.0,신세계,2013-02-21,34881330905.0,4682492.0,671.0,한국,(주)넥스트엔터테인먼트월드(NEW)
135.0,쿵푸 팬더,2008-06-05,30000965000.0,4673009.0,351.0,미국,CJ ENM
136.0,신비한 동물사전,2016-11-16,39337263058.0,4666993.0,1431.0,"미국,영국",워너브러더스 코리아(주)
137.0,도가니,2011-09-22,35566854800.0,4662822.0,644.0,한국,(주)씨제이이엔엠
138.0,캐리비안의 해적 : 망자의 함,2006-07-06,0.0,4628903.0,129.0,미국,브에나비스타인터내셔널코리아
139.0,박물관이 살아있다!,2006-12-21,0.0,4612831.0,86.0,미국,이십세기폭스코리아(주)
140.0,내 아내의 모든 것,2012-05-17,34222160500.0,4598583.0,563.0,한국,(주)넥스트엔터테인먼트월드(NEW)
141.0,판도라,2016-12-07,36064461064.0,4583645.0,1166.0,한국,(주)넥스트엔터테인먼트월드(NEW)
142.0,나쁜 녀석들: 더 무비,2019-09-11,39560195124.0,4573902.0,1511.0,한국,(주)씨제이이엔엠
143.0,터미네이터 : 미래전쟁의 시작,2009-05-21,30146162133.0,4568891.0,704.0,미국,롯데쇼핑㈜롯데엔터테인먼트
144.0,맘마미아!,2008-09-03,29570784560.0,4554785.0,457.0,미국,유니버설픽쳐스인터내셔널 코리아(유)
145.0,연가시,2012-07-05,32175400664.0,4515833.0,759.0,한국,(주)씨제이이엔엠
146.0,아이언맨 2,2010-04-29,33161943100.0,4498335.0,757.0,미국,CJ ENM
147.0,강철비,2017-12-14,35489576466.0,4452740.0,1426.0,한국,(주)넥스트엔터테인먼트월드(NEW)
148.0,해리포터와 죽음의 성물2,2011-07-13,34507819000.0,4400298.0,757.0,미국,워너브러더스 코리아(주)
149.0,다만 악에서 구하소서,2020-08-05,38602260990.0,4357803.0,1998.0,한국,(주)씨제이이엔엠
150.0,아이언맨,2008-04-30,27802744668.0,4316003.0,592.0,미국,CJ ENM
151.0,엑스맨: 데이즈 오브 퓨처 패스트,2014-05-22,34654558766.0,4313871.0,1056.0,미국,이십세기폭스코리아(주)
152.0,강철중: 공공의 적 1-1,2008-06-19,28465757767.0,4300670.0,659.0,한국,"CJ ENM,(주)시네마서비스"
153.0,아가씨,2016-06-01,35211229991.0,4287839.0,1171.0,한국,(주)씨제이이엔엠
154.0,킹콩,2005-12-14,0.0,4232430.0,89.0,미국,UIP코리아
155.0,어메이징 스파이더맨 2,2014-04-23,34869056800.0,4168350.0,1312.0,미국,소니픽쳐스릴리징월트디즈니스튜디오스코리아(주)
156.0,인디아나 존스 4 : 크리스탈 해골의 왕국,2008-05-22,26693951667.0,4136101.0,660.0,미국,CJ ENM
157.0,용의자,2013-12-24,30037161000.0,4131248.0,807.0,한국,(주)쇼박스
158.0,건축학개론,2012-03-22,30219800500.0,4110645.0,593.0,한국,롯데쇼핑㈜롯데엔터테인먼트
159.0,태풍,2005-12-14,0.0,4094395.0,115.0,한국,CJ ENM
160.0,미이라 3:황제의 무덤,2008-07-30,26222207084.0,4090795.0,527.0,미국,유니버설픽쳐스인터내셔널 코리아(유)
161.0,7급 공무원,2009-04-22,26701311856.0,4088799.0,475.0,한국,롯데쇼핑㈜롯데엔터테인먼트
162.0,다크 나이트,2008-08-06,27059471306.0,4087355.0,462.0,미국,"주식회사 해리슨앤컴퍼니,워너브러더스 코리아(주)"
163.0,색즉시공,2002-12-11,0.0,4082797.0,41.0,한국,(주)쇼박스
164.0,댄싱퀸,2012-01-18,30129259500.0,4057546.0,534.0,한국,(주)씨제이이엔엠
165.0,우리 생애 최고의 순간,2008-01-10,26151780425.0,4044582.0,418.0,한국,(주)싸이더스
166.0,꾼,2017-11-22,31313568795.0,4018341.0,1314.0,한국,(주)쇼박스
167.0,타짜-신의 손,2014-09-03,32373120927.0,4015361.0,890.0,한국,"롯데쇼핑㈜롯데엔터테인먼트,(주)싸이더스"
168.0,혹성탈출: 반격의 서막,2014-07-10,31514053095.0,4002560.0,922.0,미국,이십세기폭스코리아(주)
169.0,해리포터와 비밀의 방,2002-12-13,0.0,4000000.0,89.0,미국,워너브러더스 코리아(주)
170.0,쿵푸팬더3,2016-01-28,31340798156.0,3984812.0,1365.0,미국,(주)씨제이이엔엠
171.0,캡틴 아메리카: 윈터 솔져,2014-03-26,31710585385.0,3963220.0,1106.0,미국,소니픽쳐스릴리징월트디즈니스튜디오스코리아(주)
172.0,공공의 적 2,2005-01-27,0.0,3911356.0,95.0,한국,(주)시네마서비스
173.0,박수건달,2013-01-09,28379548569.0,3897969.0,599.0,한국,(주)쇼박스
174.0,베놈,2018-10-03,34100211207.0,3888096.0,1308.0,미국,소니픽쳐스엔터테인먼트코리아주식회사극장배급지점
175.0,한반도,2006-07-13,0.0,3880308.0,126.0,한국,CJ ENM
176.0,조선명탐정 : 사라진 놉의 딸,2015-02-11,30456879428.0,3872015.0,811.0,한국,(주)쇼박스
177.0,트로이,2004-05-21,0.0,3851000.0,90.0,미국,워너브러더스 코리아(주)
178.0,역린,2014-04-30,29893297890.0,3849433.0,1054.0,한국,롯데쇼핑㈜롯데엔터테인먼트
179.0,남한산성,2017-10-03,31225083792.0,3849087.0,1229.0,한국,(주)씨제이이엔엠
180.0,매드 맥스: 분노의 도로,2015-05-14,32906364462.0,3842441.0,799.0,"미국,호주",워너브러더스 코리아(주)
181.0,반도,2020-07-15,33072531280.0,3812250.0,2575.0,한국,(주)넥스트엔터테인먼트월드(NEW)
182.0,암수살인,2018-10-03,32995138548.0,3789321.0,1177.0,한국,(주)쇼박스
183.0,데드풀 2,2018-05-16,34185664639.0,3784602.0,1576.0,미국,이십세기폭스코리아(주)
184.0,쌍화점,2008-12-30,25616489949.0,3779553.0,499.0,한국,(주)쇼박스
185.0,국가부도의 날,2018-11-28,30891765837.0,3754983.0,1180.0,한국,(주)씨제이이엔엠
186.0,신기전,2008-09-04,24314570667.0,3726134.0,585.0,한국,CJ ENM
187.0,미이라,2017-06-06,30504689978.0,3689325.0,1257.0,미국,유니버설픽쳐스인터내셔널 코리아(유)
188.0,82년생 김지영,2019-10-23,30305744310.0,3679019.0,1486.0,한국,롯데컬처웍스(주)롯데엔터테인먼트
189.0,너의 이름은.,2017-01-04,29564054156.0,3673885.0,947.0,일본,메가박스중앙(주)플러스엠
190.0,분노의 질주: 홉스&쇼,2019-08-14,32241767793.0,3657536.0,1311.0,미국,유니버설픽쳐스인터내셔널 코리아(유)
191.0,분노의 질주: 더 익스트림,2017-04-12,29981156348.0,3653238.0,1469.0,"미국,일본,프랑스,캐나다",유니버설픽쳐스인터내셔널 코리아(유)
192.0,친절한 금자씨,2005-07-29,0.0,3650000.0,127.0,한국,CJ ENM
193.0,해리 포터와 불의 잔,2005-12-01,0.0,3615000.0,125.0,미국,워너브러더스 코리아(주)
194.0,인턴,2015-09-24,28518443148.0,3610642.0,496.0,미국,워너브러더스 코리아(주)
195.0,라라랜드,2016-12-07,30009452694.0,3597519.0,727.0,미국,판씨네마(주)
196.0,귀향,2016-02-24,27248705990.0,3586929.0,876.0,한국,(주)와우픽쳐스
197.0,리얼 스틸,2011-10-12,26566677000.0,3579666.0,603.0,미국,한국소니픽쳐스릴리징브에나비스타영화㈜
198.0,신의 한 수,2014-07-03,28810921456.0,3566336.0,794.0,한국,(주)쇼박스
199.0,미스터 & 미세스 스미스,2005-06-16,0.0,3546900.0,103.0,미국,이십세기폭스필름코퍼레이션
200.0,스캔들-조선남녀상열지사,2003-10-02,,3522747.0,76.0,한국,CJ ENM
201.0,코코,2018-01-11,27723289440.0,3513114.0,1177.0,미국,월트디즈니컴퍼니코리아 유한책임회사
202.0,매트릭스2 리로디드,2003-05-23,0.0,3510000.0,102.0,미국,워너브러더스 코리아(주)
203.0,해리 포터와 불사조 기사단,2007-07-11,0.0,3475000.0,204.0,미국,워너브러더스 코리아(주)
204.0,가문의 부활 - 가문의 영광3,2006-09-21,0.0,3464516.0,114.0,한국,(주)쇼박스
205.0,부러진 화살,2012-01-18,25936754000.0,3459780.0,453.0,한국,(주)넥스트엔터테인먼트월드(NEW)
206.0,끝까지 간다,2014-05-29,27007303900.0,3450305.0,645.0,한국,(주)쇼박스
207.0,스파이,2013-09-05,24509269305.0,3435801.0,785.0,"한국,태국",(주)씨제이이엔엠
208.0,아일랜드,2005-07-21,0.0,3433900.0,110.0,미국,워너브러더스 코리아(주)
209.0,비긴 어게인,2014-08-13,27104244061.0,3428309.0,213.0,미국,판씨네마(주)
210.0,그것만이 내 세상,2018-01-17,27444525382.0,3418043.0,862.0,한국,(주)씨제이이엔엠
211.0,이끼,2010-07-14,25856306126.0,3408144.0,736.0,한국,CJ ENM
212.0,토이 스토리 4,2019-06-20,28757726040.0,3399913.0,1336.0,미국,월트디즈니컴퍼니코리아 유한책임회사
213.0,어바웃 타임,2013-12-05,24982533500.0,3392251.0,568.0,영국,유니버설픽쳐스인터내셔널 코리아(유)
214.0,돈,2019-03-20,28869614062.0,3389035.0,1431.0,한국,(주)쇼박스
215.0,포화속으로,2010-06-16,24217600897.0,3385706.0,736.0,한국,롯데쇼핑㈜롯데엔터테인먼트
216.0,다이 하드 4 : 죽어도 산다,2007-07-17,0.0,3380800.0,136.0,미국,이십세기폭스필름코퍼레이션
217.0,맨 인 블랙 3,2012-05-24,27301520070.0,3379762.0,770.0,미국,한국소니픽쳐스릴리징브에나비스타영화㈜
218.0,악인전,2019-05-15,29130540150.0,3364360.0,1307.0,한국,"(주)에이스메이커무비웍스,(주)키위미디어그룹"
219.0,다빈치 코드,2006-05-18,0.0,3339082.0,139.0,미국,소니픽쳐스릴리징코리아
220.0,슈퍼배드 3,2017-07-26,24216987019.0,3324861.0,1057.0,미국,유니버설픽쳐스인터내셔널 코리아(유)
221.0,데드풀,2016-02-17,27595618651.0,3317196.0,1036.0,미국,"월트디즈니컴퍼니코리아 유한책임회사,이십세기폭스코리아(주)"
222.0,시동,2019-12-18,28098934360.0,3317038.0,1515.0,한국,(주)넥스트엔터테인먼트월드(NEW)
223.0,슈렉2,2004-06-18,0.0,3300533.0,85.0,미국,CJ ENM
224.0,아이 캔 스피크,2017-09-21,25532214986.0,3280243.0,1140.0,한국,"롯데쇼핑㈜롯데엔터테인먼트,(주)리틀빅픽쳐스"
225.0,스타워즈: 깨어난 포스,2015-12-17,28353796331.0,3273879.0,940.0,미국,월트디즈니컴퍼니코리아(주)
226.0,올드보이,2003-11-21,0.0,3269000.0,45.0,한국,"쇼이스트(주),(주)씨제이이엔엠"
227.0,분노의 질주: 더 세븐,2015-04-01,26454098694.0,3247955.0,983.0,미국,유니버설픽쳐스인터내셔널 코리아(유)
228.0,터미네이터 제니시스,2015-07-02,26556715129.0,3240370.0,1113.0,미국,롯데쇼핑㈜롯데엔터테인먼트
229.0,그래비티,2013-10-17,31484135600.0,3227452.0,636.0,미국,"(주)스튜디오디에이치엘,주식회사 해리슨앤컴퍼니,워너브러더스 코리아(주)"
230.0,우주전쟁,2005-07-07,0.0,3223000.0,123.0,미국,UIP코리아
231.0,마녀,2018-06-27,27242029463.0,3189091.0,1117.0,한국,워너브러더스 코리아(주)
232.0,탐정: 리턴즈,2018-06-13,26909459678.0,3152872.0,1041.0,한국,(주)씨제이이엔엠
233.0,어린 신부,2004-04-02,0.0,3149500.0,50.0,한국,코리아픽쳐스(주)
234.0,오! 브라더스,2003-09-04,0.0,3148748.0,51.0,한국,(주)쇼박스
235.0,"장화, 홍련",2003-06-13,0.0,3146217.0,52.0,한국,영화사청어람(주)
236.0,그놈 목소리,2007-02-01,0.0,3143247.0,110.0,한국,CJ ENM
237.0,우리들의 행복한 시간,2006-09-14,0.0,3132320.0,118.0,한국,(주)프라임엔터테인먼트
238.0,캐리비안의 해적: 낯선 조류,2011-05-19,27279967500.0,3130046.0,960.0,미국,한국소니픽쳐스릴리징브에나비스타영화㈜
239.0,퀵,2011-07-20,22960890000.0,3125069.0,512.0,한국,(주)씨제이이엔엠
240.0,감기,2013-08-14,21784202000.0,3119023.0,806.0,한국,아이러브시네마
241.0,말죽거리 잔혹사,2004-01-16,0.0,3115767.0,67.0,한국,CJ ENM
242.0,광복절 특사,2002-11-20,0.0,3101900.0,71.0,한국,(주)시네마서비스
243.0,나우 유 씨 미 2,2016-07-13,25116690113.0,3100113.0,1200.0,미국,롯데쇼핑㈜롯데엔터테인먼트
244.0,마파도,2005-03-10,0.0,3090467.0,58.0,한국,CJ ENM
245.0,하모니,2010-01-28,21992266198.0,3068544.0,405.0,한국,CJ ENM
246.0,거북이 달린다,2009-06-11,20857347292.0,3059812.0,379.0,한국,(주)쇼박스
247.0,너는 내 운명,2005-09-23,0.0,3051134.0,92.0,한국,CJ ENM
248.0,캐리비안의 해적: 죽은 자는 말이 없다,2017-05-24,24975495122.0,3049894.0,1357.0,미국,월트디즈니컴퍼니코리아 유한책임회사
249.0,스물,2015-03-25,23558988686.0,3044134.0,926.0,한국,(주)넥스트엔터테인먼트월드(NEW)
250.0,토르: 다크 월드,2013-10-30,22525808500.0,3039889.0,733.0,미국,소니픽쳐스릴리징월트디즈니스튜디오스코리아(주)
251.0,식객,2007-11-01,0.0,3038868.0,88.0,한국,CJ ENM
252.0,방자전,2010-06-02,22853629794.0,3035116.0,512.0,한국,CJ ENM
253.0,인크레더블 2,2018-07-18,24554683588.0,3033052.0,1605.0,미국,월트디즈니컴퍼니코리아 유한책임회사
254.0,하울의 움직이는 성,2004-12-23,0.0,3015165.0,65.0,일본,"(주)이수C&E,(주)시네마서비스"
255.0,마더,2009-05-28,20195373838.0,3013523.0,648.0,한국,CJ ENM
256.0,오싹한 연애,2011-12-01,22010977000.0,3009356.0,469.0,한국,(주)씨제이이엔엠
257.0,투모로우,2004-06-03,0.0,3006400.0,67.0,미국,이십세기폭스필름코퍼레이션
258.0,레드: 더 레전드,2013-07-18,21511358970.0,3004647.0,739.0,미국,롯데쇼핑㈜롯데엔터테인먼트
259.0,해리 포터와 혼혈 왕자,2009-07-15,20580402431.0,3002669.0,751.0,미국,워너브러더스 코리아(주)
260.0,드래곤 길들이기 2,2014-07-23,23979935189.0,3000056.0,829.0,미국,(주)씨제이이엔엠
261.0,형,2016-11-23,23129111893.0,2982022.0,993.0,한국,(주)씨제이이엔엠
262.0,황금 나침반,2007-12-18,,2979838.0,110.0,미국,롯데쇼핑㈜롯데엔터테인먼트
263.0,친구 2,2013-11-14,21804687513.0,2971475.0,968.0,한국,롯데쇼핑㈜롯데엔터테인먼트
264.0,26년,2012-11-29,21241327145.0,2963449.0,604.0,한국,"(주)인벤트스톤,영화사청어람(주)"
265.0,워낭소리,2009-01-15,19259975032.0,2962897.0,20.0,한국,㈜인디스토리
266.0,서치,2018-08-29,25283364845.0,2949944.0,816.0,미국,소니픽쳐스엔터테인먼트코리아주식회사극장배급지점
267.0,고지전,2011-07-20,21968557600.0,2945137.0,585.0,한국,(주)쇼박스
268.0,엑스맨: 아포칼립스,2016-05-25,24467887950.0,2938818.0,1262.0,미국,이십세기폭스코리아(주)
269.0,프리즌,2017-03-23,23790276987.0,2931897.0,1047.0,한국,(주)쇼박스
270.0,300,2007-03-14,0.0,2929400.0,102.0,미국,워너브러더스 코리아(주)
271.0,가장 보통의 연애,2019-10-02,24885803430.0,2924563.0,1073.0,한국,(주)넥스트엔터테인먼트월드(NEW)
272.0,솔트,2010-07-29,21719123025.0,2921331.0,556.0,미국,한국소니픽쳐스릴리징브에나비스타영화㈜
273.0,헬로우 고스트,2010-12-22,21154651779.0,2897477.0,472.0,한국,(주)넥스트엔터테인먼트월드(NEW)
274.0,귀신이 산다,2004-09-17,0.0,2890000.0,70.0,한국,(주)시네마서비스
275.0,원티드,2008-06-26,19258777000.0,2867594.0,446.0,미국,유니버설픽쳐스인터내셔널 코리아(유)
276.0,말모이,2019-01-09,23987145520.0,2866020.0,1203.0,한국,롯데컬처웍스(주)롯데엔터테인먼트
277.0,극비수사,2015-06-18,22389535897.0,2860786.0,894.0,한국,(주)쇼박스
278.0,슈렉3,2007-06-06,0.0,2844159.0,120.0,미국,CJ ENM
279.0,표적,2014-04-30,22256359300.0,2841788.0,665.0,한국,(주)씨제이이엔엠
280.0,앤트맨,2015-09-03,23528441937.0,2841699.0,949.0,"미국,영국",월트디즈니컴퍼니코리아(주)
281.0,호빗: 다섯 군대 전투,2014-12-17,24268487685.0,2836774.0,926.0,"미국,뉴질랜드",워너브러더스 코리아(주)
282.0,너의 결혼식,2018-08-22,23676244369.0,2820969.0,962.0,한국,메가박스중앙(주)플러스엠
283.0,호빗: 뜻밖의 여정,2012-12-13,23436820716.0,2818993.0,1028.0,"미국,뉴질랜드",워너브러더스 코리아(주)
284.0,메이즈 러너,2014-09-18,21489367677.0,2812427.0,648.0,미국,이십세기폭스코리아(주)
285.0,해리 포터와 죽음의 성물1,2010-12-15,19906900266.0,2809053.0,718.0,미국,워너브러더스 코리아(주)
286.0,빅 히어로,2015-01-21,21993119765.0,2801949.0,825.0,미국,월트디즈니컴퍼니코리아(주)
287.0,덩케르크,2017-07-20,24576771848.0,2792705.0,1252.0,"미국,영국",워너브러더스 코리아(주)
288.0,혹성탈출: 진화의 시작,2011-08-17,20629757000.0,2773794.0,514.0,미국,이십세기폭스코리아(주)
289.0,황산벌,2003-10-17,,2771236.0,71.0,한국,(주)씨네월드
290.0,부당거래,2010-10-28,21326977937.0,2766436.0,502.0,한국,CJ ENM
291.0,블랙 위도우,2021-07-07,27909786680.0,2753901.0,2528.0,미국,월트디즈니컴퍼니코리아 유한책임회사
292.0,1번가의 기적,2007-02-14,0.0,2750457.0,80.0,한국,CJ ENM
293.0,메이즈 러너: 스코치 트라이얼,2015-09-16,21596946349.0,2744413.0,804.0,미국,이십세기폭스코리아(주)
294.0,가디언즈 오브 갤럭시 VOL. 2,2017-05-03,23452686686.0,2735721.0,1218.0,미국,월트디즈니컴퍼니코리아 유한책임회사
295.0,시라노; 연애조작단,2010-09-16,20171151599.0,2731828.0,402.0,한국,롯데쇼핑㈜롯데엔터테인먼트
296.0,내가 살인범이다,2012-11-08,20392346000.0,2729808.0,547.0,한국,(주)쇼박스
297.0,핸콕,2008-07-02,17854932333.0,2723518.0,602.0,미국,한국소니픽쳐스릴리징브에나비스타영화㈜
298.0,나우 유 씨 미 : 마술사기단,2013-08-22,19146691869.0,2718227.0,691.0,미국,롯데쇼핑㈜롯데엔터테인먼트
299.0,미스 페레그린과 이상한 아이들의 집,2016-09-28,21841214586.0,2718158.0,904.0,"미국,벨기에,영국",이십세기폭스코리아(주)
300.0,적벽대전 2 : 최후의 결전,2009-01-22,17910684413.0,2713031.0,426.0,중국,(주)쇼박스
301.0,소원,2013-10-02,18529792100.0,2711071.0,641.0,한국,롯데쇼핑㈜롯데엔터테인먼트
302.0,지.아이.조 : 전쟁의 서막,2009-08-06,19889126096.0,2706748.0,446.0,미국,CJ ENM
303.0,타이탄,2010-04-01,22143097429.0,2685508.0,694.0,미국,워너브러더스 코리아(주)
304.0,친구,2001-03-31,0.0,2678846.0,0.0,한국,
305.0,곤지암,2018-03-28,21442114144.0,2675559.0,1124.0,한국,(주)쇼박스
306.0,살인자의 기억법,2017-09-06,21375287492.0,2658589.0,1064.0,한국,(주)쇼박스
307.0,브레이킹 던 part2,2012-11-15,18909583065.0,2654817.0,665.0,미국,(주)넥스트엔터테인먼트월드(NEW)
308.0,후궁 : 제왕의 첩,2012-06-06,19330302500.0,2636320.0,624.0,한국,롯데쇼핑㈜롯데엔터테인먼트
309.0,탐정 : 더 비기닝,2015-09-24,20463956973.0,2625686.0,764.0,한국,(주)씨제이이엔엠
310.0,미니언즈,2015-07-29,18997911278.0,2625572.0,792.0,미국,유니버설픽쳐스인터내셔널 코리아(유)
311.0,트랜스포머: 최후의 기사,2017-06-21,21501959228.0,2614601.0,1739.0,미국,롯데쇼핑㈜롯데엔터테인먼트
312.0,제이슨 본,2016-07-27,21253434663.0,2611966.0,827.0,미국,유니버설픽쳐스인터내셔널 코리아(유)
313.0,드래곤 길들이기,2010-05-20,27471926367.0,2603857.0,562.0,미국,"유니버설픽쳐스인터내셔널 코리아(유),CJ ENM"
314.0,지금 만나러 갑니다,2018-03-14,20800916128.0,2602273.0,1163.0,한국,롯데쇼핑㈜롯데엔터테인먼트
315.0,도리를 찾아서,2016-07-06,20703899933.0,2601734.0,1091.0,미국,월트디즈니컴퍼니코리아(주)
316.0,위험한 상견례,2011-03-31,19174920500.0,2595625.0,524.0,한국,롯데쇼핑㈜롯데엔터테인먼트
317.0,아수라,2016-09-28,20576226662.0,2594028.0,1278.0,한국,(주)씨제이이엔엠
318.0,보안관,2017-05-03,20844405409.0,2588617.0,1091.0,한국,롯데쇼핑㈜롯데엔터테인먼트
319.0,굿모닝 프레지던트,2009-10-22,18770889320.0,2583294.0,586.0,한국,CJ ENM
320.0,음란서생,2006-02-23,0.0,2576022.0,84.0,한국,CJ ENM
321.0,내 머리 속의 지우개,2004-11-05,0.0,2565078.0,68.0,한국,CJ ENM
322.0,기술자들,2014-12-24,19894297783.0,2564340.0,641.0,한국,롯데쇼핑㈜롯데엔터테인먼트
323.0,퍼시픽 림,2013-07-11,20477392512.0,2539114.0,1005.0,미국,워너브러더스 코리아(주)
324.0,정글북,2016-06-09,21517513134.0,2537419.0,924.0,미국,월트디즈니컴퍼니코리아(주)
325.0,증인,2019-02-13,20477262331.0,2534075.0,1047.0,한국,롯데컬처웍스(주)롯데엔터테인먼트
326.0,엑스맨: 퍼스트 클래스,2011-06-02,19075363000.0,2533852.0,587.0,미국,이십세기폭스코리아(주)
327.0,내 생애 가장 아름다운 일주일,2005-10-07,0.0,2533103.0,105.0,한국,CJ ENM
328.0,해리포터와 아즈카반의 죄수,2004-07-16,0.0,2532000.0,91.0,미국,워너브러더스 코리아(주)
329.0,목격자,2018-08-15,21733771597.0,2524333.0,1021.0,한국,(주)넥스트엔터테인먼트월드(NEW)
330.0,패션 오브 크라이스트,2004-04-02,0.0,2523700.0,56.0,미국,"(주)이수C&E,이십세기폭스필름코퍼레이션"
331.0,마이펫의 이중생활,2016-08-03,19405636655.0,2520510.0,726.0,미국,유니버설픽쳐스인터내셔널 코리아(유)
332.0,조작된 도시,2017-02-09,20138295587.0,2514943.0,1019.0,한국,(주)씨제이이엔엠
333.0,공동경비구역 JSA,2000-09-08,0.0,2513540.0,0.0,한국,CJ ENM
334.0,"나니아 연대기-사자,마녀 그리고 옷장",2005-12-29,0.0,2505133.0,80.0,미국,브에나비스타인터내셔널코리아
335.0,터미네이터 3,2003-07-25,0.0,2491354.0,88.0,미국,(주)시네마서비스
336.0,블랙머니,2019-11-13,20866634010.0,2479664.0,1117.0,한국,(주)에이스메이커무비웍스
337.0,우리 형,2004-10-08,0.0,2479585.0,77.0,한국,CJ ENM
338.0,반창꼬,2012-12-19,17911274787.0,2475797.0,466.0,한국,(주)넥스트엔터테인먼트월드(NEW)
339.0,박수칠 때 떠나라,2005-08-11,0.0,2475291.0,78.0,한국,(주)시네마서비스
340.0,선생 김봉두,2003-03-28,0.0,2472135.0,60.0,한국,(주)시네마서비스
341.0,보스 베이비,2017-05-03,18934037704.0,2451919.0,1116.0,미국,(주)씨제이이엔엠
342.0,조선명탐정: 흡혈괴마의 비밀,2018-02-08,19822724764.0,2444123.0,1249.0,한국,(주)쇼박스
343.0,화차,2012-03-08,18459203000.0,2436400.0,548.0,한국,필라멘트픽쳐스
344.0,이웃사람,2012-08-22,18087442369.0,2434099.0,600.0,한국,롯데쇼핑㈜롯데엔터테인먼트
345.0,광식이 동생 광태,2005-11-23,0.0,2430200.0,83.0,한국,(주)엠케이픽처스
346.0,재심,2017-02-15,19264792637.0,2421011.0,935.0,한국,"오퍼스픽쳐스(유),CGV아트하우스"
347.0,신비한 동물들과 그린델왈드의 범죄,2018-11-14,20816583118.0,2414062.0,1601.0,미국,워너브러더스 코리아(주)
348.0,터미네이터: 다크 페이트,2019-10-30,20167141830.0,2410227.0,1315.0,미국,월트디즈니컴퍼니코리아 유한책임회사
349.0,히트맨,2020-01-22,20614278000.0,2406232.0,1122.0,한국,롯데컬처웍스(주)롯데엔터테인먼트
350.0,사바하,2019-02-20,20007508194.0,2398519.0,1174.0,한국,(주)씨제이이엔엠
351.0,화이: 괴물을 삼킨 아이,2013-10-09,17695516795.0,2394466.0,817.0,한국,(주)쇼박스
352.0,의뢰인,2011-09-29,17797042500.0,2393086.0,522.0,한국,(주)쇼박스
353.0,테이큰,2008-04-09,15971389000.0,2379830.0,254.0,프랑스,㈜스튜디오이쩜영
354.0,007 스카이폴,2012-10-26,17487213000.0,2376145.0,748.0,"미국,영국",소니픽쳐스릴리징월트디즈니스튜디오스코리아(주)
355.0,가문의 영광4 - 가문의 수난,2011-09-07,17792219500.0,2368267.0,537.0,한국,(주)넥스트엔터테인먼트월드(NEW)
356.0,스파이더맨 2,2004-06-30,0.0,2367704.0,72.0,미국,한국소니픽쳐스릴리징브에나비스타영화㈜
357.0,블라인드,2011-08-10,18387176500.0,2367272.0,404.0,한국,(주)넥스트엔터테인먼트월드(NEW)
358.0,박열,2017-06-28,18093543795.0,2359174.0,1176.0,한국,메가박스중앙(주)플러스엠
359.0,맨발의 기봉이,2006-04-26,0.0,2347311.0,71.0,한국,(주)쇼박스
360.0,바람의 파이터,2004-08-12,0.0,2346446.0,41.0,한국,영화사청어람(주)
361.0,작업의 정석,2005-12-21,0.0,2342232.0,75.0,한국,(주)쇼박스
362.0,첫사랑 사수 궐기 대회,2003-06-27,0.0,2339410.0,70.0,한국,(주)시네마서비스
363.0,미인도,2008-11-13,15531621371.0,2325715.0,463.0,한국,CJ ENM
364.0,스파이,2015-05-21,18417637358.0,2318748.0,665.0,미국,이십세기폭스코리아(주)
365.0,라스트 갓파더,2010-12-29,16832542997.0,2316099.0,547.0,"한국,미국",CJ ENM
366.0,모아나,2017-01-12,18055062307.0,2310054.0,953.0,미국,월트디즈니컴퍼니코리아 유한책임회사
367.0,주유소 습격사건,1999-10-02,0.0,2310000.0,0.0,한국,(주)시네마서비스
368.0,테이큰 2,2012-09-27,17581098553.0,2308596.0,682.0,프랑스,이십세기폭스코리아(주)
369.0,하녀,2010-05-13,17310669976.0,2304487.0,577.0,한국,(주)싸이더스
370.0,메이즈 러너: 데스 큐어,2018-01-17,18902873104.0,2299732.0,1090.0,미국,이십세기폭스코리아(주)
371.0,맘마미아!2,2018-08-08,19607280003.0,2293836.0,750.0,미국,유니버설픽쳐스인터내셔널 코리아(유)
372.0,분노의 질주: 더 얼티메이트,2021-05-19,22034669060.0,2290080.0,2297.0,미국,유니버설픽쳐스인터내셔널 코리아(유)
373.0,"달콤, 살벌한 연인",2006-04-06,0.0,2286745.0,60.0,한국,CJ ENM
374.0,호빗: 스마우그의 폐허,2013-12-12,17850613316.0,2282744.0,811.0,"미국,뉴질랜드",워너브러더스 코리아(주)
375.0,나잇&데이,2010-06-24,17054262425.0,2282191.0,501.0,미국,이십세기폭스코리아(주)
376.0,혈의 누,2005-05-04,0.0,2274995.0,98.0,한국,(주)시네마서비스
377.0,컨저링,2013-09-17,16353225777.0,2262758.0,553.0,미국,워너브러더스 코리아(주)
378.0,슈렉 포에버,2010-07-01,23178925617.0,2261356.0,561.0,미국,CJ ENM
379.0,극락도 살인사건,2007-04-12,0.0,2259511.0,85.0,한국,"(주)엠케이픽처스 ,(주)두엔터테인먼트"
380.0,이글 아이,2008-10-09,14577167667.0,2258369.0,330.0,미국,CJ ENM
381.0,배트맨 대 슈퍼맨: 저스티스의 시작,2016-03-24,18906246428.0,2256913.0,1709.0,미국,워너브러더스 코리아(주)
382.0,레디 플레이어 원,2018-03-28,19933108071.0,2254430.0,1079.0,미국,워너브러더스 코리아(주)
383.0,위대한 유산,2003-10-24,0.0,2251491.0,57.0,한국,CJ ENM
384.0,7광구,2011-08-04,19391653500.0,2242510.0,812.0,한국,(주)씨제이이엔엠
385.0,배틀쉽,2012-04-11,16545921500.0,2241687.0,736.0,미국,유니버설픽쳐스인터내셔널 코리아(유)
386.0,매트릭스3 레볼루션,2003-11-05,0.0,2240000.0,112.0,미국,워너브러더스 코리아(주)
387.0,셜록홈즈 : 그림자 게임,2011-12-21,16670913500.0,2239156.0,370.0,미국,워너브러더스 코리아(주)
388.0,박쥐,2009-04-30,15051788827.0,2237271.0,462.0,"한국,미국,호주",CJ ENM
389.0,타짜: 원 아이드 잭,2019-09-11,19687029214.0,2229239.0,1429.0,한국,롯데컬처웍스(주)롯데엔터테인먼트
390.0,어거스트 러쉬,2007-11-29,,2218573.0,68.0,미국,"(주)영화사 그램,CJ ENM"
391.0,나는 전설이다,2007-12-12,,2215883.0,127.0,미국,워너브러더스 코리아(주)
392.0,포세이돈,2006-05-31,0.0,2214600.0,89.0,미국,워너브러더스 코리아(주)
393.0,셜록 홈즈,2009-12-23,16207513113.0,2207751.0,377.0,"미국,영국",워너브러더스 코리아(주)
394.0,싱글즈,2003-07-11,,2203042.0,58.0,한국,영화사청어람(주)
395.0,마당을 나온 암탉,2011-07-28,14669905500.0,2201722.0,345.0,한국,롯데쇼핑㈜롯데엔터테인먼트
396.0,007 퀀텀 오브 솔러스,2008-11-05,14366688333.0,2201300.0,518.0,미국,한국소니픽쳐스릴리징브에나비스타영화㈜
397.0,내 여자친구를 소개합니다,2004-06-03,0.0,2199359.0,75.0,한국,"CJ ENM,아이러브시네마"
398.0,댄서의 순정,2005-04-28,0.0,2197555.0,68.0,한국,쇼이스트(주)
399.0,악의 연대기,2015-05-14,17361815332.0,2192525.0,776.0,한국,(주)씨제이이엔엠
400.0,강남 1970,2015-01-21,17717971499.0,2192172.0,841.0,한국,(주)쇼박스
401.0,바르게 살자,2007-10-18,0.0,2190250.0,79.0,한국,CJ ENM
402.0,늑대의 유혹,2004-07-22,0.0,2189453.0,40.0,한국,(주)쇼박스
403.0,이상한 나라의 앨리스,2010-03-04,20661000236.0,2182365.0,401.0,미국,한국소니픽쳐스릴리징브에나비스타영화㈜
404.0,맨 오브 스틸,2013-06-13,17092964063.0,2182227.0,998.0,미국,워너브러더스 코리아(주)
405.0,로건,2017-03-01,18391060223.0,2169109.0,954.0,미국,"월트디즈니컴퍼니코리아 유한책임회사,이십세기폭스코리아(주)"
406.0,황해,2010-12-22,16765970362.0,2167426.0,618.0,"한국,미국,중국","(주)쇼박스,이십세기폭스코리아(주)"
407.0,원더 우먼,2017-05-31,17468588886.0,2165401.0,1034.0,미국,워너브러더스 코리아(주)
408.0,초능력자,2010-11-10,15618440958.0,2164805.0,622.0,한국,(주)넥스트엔터테인먼트월드(NEW)
409.0,내 사랑 내 곁에,2009-09-24,15764312409.0,2160265.0,474.0,한국,CJ ENM
410.0,신의 한 수: 귀수편,2019-11-07,18463776050.0,2157437.0,1246.0,한국,(주)씨제이이엔엠
411.0,극장판 귀멸의 칼날: 무한열차편,2021-01-27,20648928720.0,2150930.0,380.0,일본,워터홀컴퍼니(주)
412.0,마이 웨이,2011-12-21,15994803000.0,2142622.0,645.0,"한국,일본,중국","에스케이플래닛(주),(주)씨제이이엔엠"
413.0,나의 사랑 나의 신부,2014-10-08,16636404305.0,2141155.0,629.0,한국,씨네그루(주)다우기술
414.0,겟 아웃,2017-05-17,17431570075.0,2138146.0,945.0,미국,유니버설픽쳐스인터내셔널 코리아(유)
415.0,범죄의 재구성,2004-04-15,0.0,2129358.0,50.0,한국,(주)쇼박스
416.0,사랑,2007-09-19,0.0,2123815.0,78.0,한국,롯데쇼핑㈜롯데엔터테인먼트
417.0,세븐 데이즈,2007-11-14,38146000.0,2120741.0,297.0,한국,(주)프라임엔터테인먼트
418.0,굿바이 싱글,2016-06-29,16912706195.0,2108273.0,841.0,한국,(주)쇼박스
419.0,이클립스,2010-07-07,15192541723.0,2105050.0,535.0,미국,(주)넥스트엔터테인먼트월드(NEW)
420.0,사생결단,2006-04-27,0.0,2104716.0,78.0,한국,(주)씨제이이엔엠
421.0,엑스맨 : 최후의 전쟁,2006-06-15,0.0,2096180.0,112.0,미국,이십세기폭스코리아(주)
422.0,몽타주,2013-05-16,15002458500.0,2095592.0,540.0,한국,(주)넥스트엔터테인먼트월드(NEW)
423.0,색즉시공 시즌2,2007-12-12,511288500.0,2088134.0,89.0,한국,CJ ENM
424.0,명당,2018-09-19,17900775524.0,2087474.0,1117.0,한국,메가박스중앙(주)플러스엠
425.0,논스톱,2014-02-27,16066174940.0,2084457.0,582.0,"미국,프랑스",(주)넥스트엔터테인먼트월드(NEW)
426.0,내부자들: 디 오리지널,2015-12-31,16973885275.0,2083999.0,838.0,한국,(주)쇼박스
427.0,쩨쩨한 로맨스,2010-12-01,15901620661.0,2080574.0,463.0,한국,롯데쇼핑㈜롯데엔터테인먼트
428.0,장화신은 고양이,2012-01-12,17601188500.0,2080154.0,593.0,미국,(주)씨제이이엔엠
429.0,인투 더 스톰,2014-08-28,16155930332.0,2078492.0,585.0,미국,워너브러더스 코리아(주)
430.0,청춘만화,2006-03-23,0.0,2066354.0,86.0,한국,(주)쇼박스
431.0,눈에는 눈 이에는 이,2008-07-31,13414023500.0,2058764.0,445.0,한국,롯데쇼핑㈜롯데엔터테인먼트
432.0,뷰티 인사이드,2015-08-20,16155795131.0,2054297.0,648.0,한국,(주)넥스트엔터테인먼트월드(NEW)
433.0,본 얼티메이텀,2007-09-12,0.0,2052800.0,69.0,미국,유니버설픽쳐스인터내셔널 코리아(유)
434.0,혹성탈출: 종의 전쟁,2017-08-15,16854482778.0,2051315.0,1017.0,미국,이십세기폭스코리아(주)
435.0,봉이 김선달,2016-07-06,16227052642.0,2051277.0,942.0,한국,(주)씨제이이엔엠
436.0,아라한 장풍대작전,2004-04-30,0.0,2050000.0,87.0,한국,(주)시네마서비스
437.0,소울,2021-01-20,19034164180.0,2048137.0,2018.0,미국,월트디즈니컴퍼니코리아 유한책임회사
438.0,비열한 거리,2006-06-15,0.0,2047808.0,82.0,한국,CJ ENM
439.0,노아,2014-03-20,15514083500.0,2026574.0,952.0,미국,(주)씨제이이엔엠
440.0,캐리비안의 해적 : 블랙펄의 저주,2003-09-05,0.0,2010460.0,57.0,미국,월트디즈니코리아㈜
441.0,레버넌트: 죽음에서 돌아온 자,2016-01-14,16111255130.0,2007657.0,967.0,미국,이십세기폭스코리아(주)
442.0,오페라의 유령,2004-12-08,0.0,2006880.0,71.0,미국,"(주)팝엔터테인먼트,(주)드림팩트엔터테인먼트,CJ ENM"
443.0,테이큰 3,2015-01-01,16102014000.0,2006561.0,616.0,미국,이십세기폭스코리아(주)
444.0,페르시아의 왕자: 시간의 모래,2010-05-27,14717552534.0,2003533.0,570.0,미국,한국소니픽쳐스릴리징브에나비스타영화㈜
445.0,박물관이 살아있다 2,2009-06-04,12591000149.0,2002526.0,569.0,미국,이십세기폭스코리아(주)
446.0,천문: 하늘에 묻는다,2019-12-26,16502543020.0,2000490.0,1198.0,한국,롯데컬처웍스(주)롯데엔터테인먼트
447.0,테넷,2020-08-26,18464298170.0,1998987.0,2228.0,미국,워너브러더스 코리아(주)
448.0,시실리 2km,2004-08-13,0.0,1987380.0,36.0,한국,(주)쇼박스
449.0,남자가 사랑할 때,2014-01-22,14510222300.0,1979311.0,531.0,한국,(주)넥스트엔터테인먼트월드(NEW)
450.0,루시,2014-09-03,16468076039.0,1974893.0,641.0,"미국,프랑스",유니버설픽쳐스인터내셔널 코리아(유)
451.0,크루엘라,2021-05-26,19157244470.0,1973537.0,1184.0,미국,월트디즈니컴퍼니코리아 유한책임회사
452.0,효자동 이발사,2004-05-05,0.0,1972377.0,65.0,한국,(주)쇼박스
453.0,타이타닉,1998-02-20,0.0,1971780.0,0.0,미국,"씨네힐,이십세기폭스코리아(주)"
454.0,협상,2018-09-19,17032133166.0,1967721.0,919.0,한국,(주)씨제이이엔엠
455.0,알리타: 배틀 엔젤,2019-02-05,18569763667.0,1951889.0,1043.0,미국,"월트디즈니컴퍼니코리아 유한책임회사,이십세기폭스코리아(주)"
456.0,뉴 문,2009-12-02,13988362067.0,1949027.0,532.0,미국,(주)넥스트엔터테인먼트월드(NEW)
457.0,천사와 악마,2009-05-14,12734649711.0,1936321.0,558.0,미국,한국소니픽쳐스릴리징브에나비스타영화㈜
458.0,애나벨 : 인형의 주인,2017-08-10,15526858738.0,1934192.0,1006.0,미국,워너브러더스 코리아(주)
459.0,가족,2004-09-03,0.0,1932304.0,44.0,한국,(주)튜브엔터테인먼트
460.0,컨저링 2,2016-06-09,15759374229.0,1928605.0,635.0,미국,워너브러더스 코리아(주)
461.0,터보,2013-07-25,13113579000.0,1923748.0,634.0,미국,(주)씨제이이엔엠
462.0,애자,2009-09-09,13785879439.0,1922634.0,262.0,한국,(주)시너지하우스 (시너지)
463.0,내안의 그놈,2019-01-09,16412116567.0,1916855.0,1041.0,한국,"(주)메리크리스마스,TCO(주)더콘텐츠온"
464.0,잠복근무,2005-03-17,0.0,1914941.0,64.0,한국,(주)쇼박스
465.0,그림자 살인,2009-04-02,12805808556.0,1914779.0,387.0,한국,CJ ENM
466.0,영웅,2003-01-24,0.0,1910000.0,47.0,중국,"(유)조이앤시네마,코리아픽쳐스(주)"
467.0,#살아있다,2020-06-24,15965329900.0,1903703.0,1882.0,한국,롯데컬처웍스(주)롯데엔터테인먼트
468.0,수어사이드 스쿼드,2016-08-03,15873106188.0,1898121.0,823.0,미국,워너브러더스 코리아(주)
469.0,오늘의 연애,2015-01-14,14924654487.0,1891993.0,709.0,한국,(주)씨제이이엔엠
470.0,글러브,2011-01-20,13757574500.0,1888100.0,605.0,한국,CJ ENM
471.0,러브 액츄얼리,2003-12-05,0.0,1887000.0,41.0,"미국,영국","(주)제이앤씨미디어그룹,와이드 릴리즈(주),UIP코리아,(유)조이앤시네마"
472.0,라디오 스타,2006-09-28,0.0,1879501.0,72.0,한국,(주)시네마서비스
473.0,퍼시 잭슨과 번개 도둑,2010-02-11,13372357257.0,1877226.0,353.0,미국,이십세기폭스코리아(주)
474.0,해결사,2010-09-09,14063913437.0,1873327.0,524.0,한국,"(주)넥스트엔터테인먼트월드(NEW),(주)에스비에스콘텐츠허브"
475.0,코리아,2012-05-03,13448848500.0,1872681.0,537.0,한국,(주)씨제이이엔엠
476.0,아이들...,2011-02-17,13579712500.0,1867849.0,504.0,한국,롯데쇼핑㈜롯데엔터테인먼트
477.0,"색, 계",2007-11-08,0.0,1866900.0,69.0,미국,"(주)제이앤씨미디어그룹,CJ ENM"
478.0,연애의 온도,2013-03-21,13798864446.0,1865195.0,567.0,한국,롯데쇼핑㈜롯데엔터테인먼트
479.0,마약왕,2018-12-19,16222446942.0,1864076.0,1297.0,한국,(주)쇼박스
480.0,구세주,2006-02-16,0.0,1858668.0,54.0,한국,쇼이스트(주)
481.0,조폭마누라2-돌아온 전설,2003-09-05,,1858077.0,55.0,한국,CJ ENM
482.0,지.아이.조 2,2013-03-28,14457048500.0,1855917.0,766.0,"미국,캐나다",(주)씨제이이엔엠
483.0,노무현입니다,2017-05-25,14554935612.0,1854867.0,775.0,한국,"CGV아트하우스,영화사 풀"
484.0,집으로 가는 길,2013-12-11,13048519745.0,1854625.0,740.0,한국,(주)씨제이이엔엠
485.0,악마를 보았다,2010-08-12,14148937025.0,1848418.0,494.0,한국,(주)쇼박스
486.0,바람피기 좋은 날,2007-02-08,0.0,1847875.0,95.0,한국,(주)시네마서비스
487.0,콘스탄틴,2005-02-08,0.0,1845000.0,59.0,미국,워너브러더스 코리아(주)
488.0,나의 PS 파트너,2012-12-06,13896872616.0,1831725.0,552.0,한국,(주)씨제이이엔엠
489.0,뺑반,2019-01-30,15222811848.0,1826714.0,1285.0,한국,(주)쇼박스
490.0,흡혈형사 나도열,2006-02-09,0.0,1824822.0,70.0,한국,(주)쇼박스
491.0,007 스펙터,2015-11-11,14302132030.0,1820842.0,1105.0,"영국,미국",유니버설픽쳐스인터내셔널 코리아(유)
492.0,캐치 미 이프 유 캔,2003-01-24,0.0,1807612.0,44.0,미국,CJ ENM
493.0,변신,2019-08-21,15417922925.0,1804112.0,975.0,한국,(주)에이스메이커무비웍스
494.0,차우,2009-07-15,12676951144.0,1799356.0,397.0,한국,롯데쇼핑㈜롯데엔터테인먼트
495.0,작전명 발키리,2009-01-22,11972135869.0,1798205.0,372.0,"미국,독일",이십세기폭스코리아(주)
496.0,목포는 항구다,2004-02-20,0.0,1795700.0,32.0,한국,코리아픽쳐스(주)
497.0,강철비2: 정상회담,2020-07-29,14655366110.0,1790797.0,2137.0,한국,롯데컬처웍스(주)롯데엔터테인먼트
498.0,분노의 질주: 더 맥시멈,2013-05-22,13203523042.0,1790457.0,656.0,미국,유니버설픽쳐스인터내셔널 코리아(유)
499.0,아내가 결혼했다,2008-10-23,11995855000.0,1788748.0,414.0,한국,CJ ENM
500.0,저스티스 리그,2017-11-15,14629692795.0,1786386.0,1308.0,미국,워너브러더스 코리아(주)
